<archive xmlns="http://rs.tdwg.org/dwc/text/" metadata="eml.xml">
  <core encoding="UTF-8" fieldsTerminatedBy="\t" linesTerminatedBy="\n" fieldsEnclosedBy="" ignoreHeaderLines="1" rowType="http://rs.tdwg.org/dwc/terms/Event">
    <files>
      <location>event.txt</location>
    </files>
    <id index="0" />
    <field index="1" term="http://rs.tdwg.org/dwc/terms/datasetID"/>
    <field index="2" term="http://rs.tdwg.org/dwc/terms/institutionCode"/>
    <field index="3" term="http://rs.tdwg.org/dwc/terms/datasetName"/>
    <field index="4" term="http://rs.tdwg.org/dwc/terms/eventID"/>
    <field index="5" term="http://rs.tdwg.org/dwc/terms/samplingProtocol"/>
    <field index="6" term="http://rs.tdwg.org/dwc/terms/sampleSizeValue"/>
    <field index="7" term="http://rs.tdwg.org/dwc/terms/sampleSizeUnit"/>
    <field index="8" term="http://rs.tdwg.org/dwc/terms/eventDate"/>
    <field index="9" term="http://rs.tdwg.org/dwc/terms/year"/>
    <field index="10" term="http://rs.tdwg.org/dwc/terms/month"/>
    <field index="11" term="http://rs.tdwg.org/dwc/terms/day"/>
    <field index="12" term="http://rs.tdwg.org/dwc/terms/fieldNumber"/>
    <field index="13" term="http://rs.tdwg.org/dwc/terms/locationID"/>
    <field index="14" term="http://rs.tdwg.org/dwc/terms/continent"/>
    <field index="15" term="http://rs.tdwg.org/dwc/terms/country"/>
    <field index="16" term="http://rs.tdwg.org/dwc/terms/stateProvince"/>
    <field index="17" term="http://rs.tdwg.org/dwc/terms/county"/>
    <field index="18" term="http://rs.tdwg.org/dwc/terms/locality"/>
    <field index="19" term="http://rs.tdwg.org/dwc/terms/minimumElevationInMeters"/>
    <field index="20" term="http://rs.tdwg.org/dwc/terms/minimumDepthInMeters"/>
    <field index="21" term="http://rs.tdwg.org/dwc/terms/maximumDepthInMeters"/>
    <field index="22" term="http://rs.tdwg.org/dwc/terms/minimumDistanceAboveSurfaceInMeters"/>
    <field index="23" term="http://rs.tdwg.org/dwc/terms/maximumDistanceAboveSurfaceInMeters"/>
    <field index="24" term="http://rs.tdwg.org/dwc/terms/decimalLatitude"/>
    <field index="25" term="http://rs.tdwg.org/dwc/terms/decimalLongitude"/>
    <field index="26" term="http://rs.tdwg.org/dwc/terms/geodeticDatum"/>
    <field index="27" term="http://rs.tdwg.org/dwc/terms/coordinateUncertaintyInMeters"/>
  </core>
  <extension encoding="UTF-8" fieldsTerminatedBy="\t" linesTerminatedBy="\n" fieldsEnclosedBy="" ignoreHeaderLines="1" rowType="http://rs.tdwg.org/dwc/terms/Occurrence">
    <files>
      <location>occurrence.txt</location>
    </files>
    <coreid index="0" />
    <field index="1" term="http://purl.org/dc/terms/modified"/>
    <field index="2" term="http://purl.org/dc/terms/accessRights"/>
    <field index="3" term="http://rs.tdwg.org/dwc/terms/collectionID"/>
    <field index="4" term="http://rs.tdwg.org/dwc/terms/datasetID"/>
    <field index="5" term="http://rs.tdwg.org/dwc/terms/institutionCode"/>
    <field index="6" term="http://rs.tdwg.org/dwc/terms/collectionCode"/>
    <field index="7" term="http://rs.tdwg.org/dwc/terms/datasetName"/>
    <field index="8" term="http://rs.tdwg.org/dwc/terms/basisOfRecord"/>
    <field index="9" term="http://rs.tdwg.org/dwc/terms/informationWithheld"/>
    <field index="10" term="http://rs.tdwg.org/dwc/terms/dataGeneralizations"/>
    <field index="11" term="http://rs.tdwg.org/dwc/terms/occurrenceID"/>
    <field index="12" term="http://rs.tdwg.org/dwc/terms/catalogNumber"/>
    <field index="13" term="http://rs.tdwg.org/dwc/terms/occurrenceRemarks"/>
    <field index="14" term="http://rs.tdwg.org/dwc/terms/recordNumber"/>
    <field index="15" term="http://rs.tdwg.org/dwc/terms/recordedBy"/>
    <field index="16" term="http://rs.tdwg.org/dwc/terms/individualCount"/>
    <field index="17" term="http://rs.tdwg.org/dwc/terms/organismQuantity"/>
    <field index="18" term="http://rs.tdwg.org/dwc/terms/organismQuantityType"/>
    <field index="19" term="http://rs.tdwg.org/dwc/terms/sex"/>
    <field index="20" term="http://rs.tdwg.org/dwc/terms/occurrenceStatus"/>
    <field index="21" term="http://rs.tdwg.org/dwc/terms/preparations"/>
    <field index="22" term="http://rs.tdwg.org/dwc/terms/organismID"/>
    <field index="23" term="http://rs.tdwg.org/dwc/terms/organismName"/>
    <field index="24" term="http://rs.tdwg.org/dwc/terms/previousIdentifications"/>
    <field index="25" term="http://rs.tdwg.org/dwc/terms/eventID"/>
    <field index="26" term="http://rs.tdwg.org/dwc/terms/samplingProtocol"/>
    <field index="27" term="http://rs.tdwg.org/dwc/terms/sampleSizeValue"/>
    <field index="28" term="http://rs.tdwg.org/dwc/terms/sampleSizeUnit"/>
    <field index="29" term="http://rs.tdwg.org/dwc/terms/eventDate"/>
    <field index="30" term="http://rs.tdwg.org/dwc/terms/year"/>
    <field index="31" term="http://rs.tdwg.org/dwc/terms/month"/>
    <field index="32" term="http://rs.tdwg.org/dwc/terms/day"/>
    <field index="33" term="http://rs.tdwg.org/dwc/terms/habitat"/>
    <field index="34" term="http://rs.tdwg.org/dwc/terms/fieldNumber"/>
    <field index="35" term="http://rs.tdwg.org/dwc/terms/continent"/>
    <field index="36" term="http://rs.tdwg.org/dwc/terms/country"/>
    <field index="37" term="http://rs.tdwg.org/dwc/terms/stateProvince"/>
    <field index="38" term="http://rs.tdwg.org/dwc/terms/county"/>
    <field index="39" term="http://rs.tdwg.org/dwc/terms/locality"/>
    <field index="40" term="http://rs.tdwg.org/dwc/terms/minimumElevationInMeters"/>
    <field index="41" term="http://rs.tdwg.org/dwc/terms/minimumDepthInMeters"/>
    <field index="42" term="http://rs.tdwg.org/dwc/terms/maximumDepthInMeters"/>
    <field index="43" term="http://rs.tdwg.org/dwc/terms/minimumDistanceAboveSurfaceInMeters"/>
    <field index="44" term="http://rs.tdwg.org/dwc/terms/maximumDistanceAboveSurfaceInMeters"/>
    <field index="45" term="http://rs.tdwg.org/dwc/terms/decimalLatitude"/>
    <field index="46" term="http://rs.tdwg.org/dwc/terms/decimalLongitude"/>
    <field index="47" term="http://rs.tdwg.org/dwc/terms/geodeticDatum"/>
    <field index="48" term="http://rs.tdwg.org/dwc/terms/coordinateUncertaintyInMeters"/>
    <field index="49" term="http://rs.tdwg.org/dwc/terms/identifiedBy"/>
    <field index="50" term="http://rs.tdwg.org/dwc/terms/dateIdentified"/>
    <field index="51" term="http://rs.tdwg.org/dwc/terms/typeStatus"/>
    <field index="52" term="http://rs.tdwg.org/dwc/terms/scientificName"/>
    <field index="53" term="http://rs.tdwg.org/dwc/terms/kingdom"/>
    <field index="54" term="http://rs.tdwg.org/dwc/terms/phylum"/>
    <field index="55" term="http://rs.tdwg.org/dwc/terms/class"/>
    <field index="56" term="http://rs.tdwg.org/dwc/terms/order"/>
    <field index="57" term="http://rs.tdwg.org/dwc/terms/family"/>
    <field index="58" term="http://rs.tdwg.org/dwc/terms/genus"/>
    <field index="59" term="http://rs.tdwg.org/dwc/terms/taxonRank"/>
    <field index="60" term="http://rs.tdwg.org/dwc/terms/scientificNameAuthorship"/>
  </extension>
  <extension encoding="UTF-8" fieldsTerminatedBy="\t" linesTerminatedBy="\n" fieldsEnclosedBy="" ignoreHeaderLines="1" rowType="http://data.ggbn.org/schemas/ggbn/terms/MaterialSample">
    <files>
      <location>materialsample.txt</location>
    </files>
    <coreid index="0" />
    <field index="1" term="http://data.ggbn.org/schemas/ggbn/terms/materialSampleType"/>
    <field index="2" term="http://gensc.org/ns/mixs/samp_size"/>
    <field index="3" term="http://data.ggbn.org/schemas/ggbn/terms/sampleDesignation"/>
  </extension>
  <extension encoding="UTF-8" fieldsTerminatedBy="\t" linesTerminatedBy="\n" fieldsEnclosedBy="" ignoreHeaderLines="1" rowType="http://rs.iobis.org/obis/terms/ExtendedMeasurementOrFact">
    <files>
      <location>extendedmeasurementorfact.txt</location>
    </files>
    <coreid index="0" />
    <field index="1" term="http://rs.tdwg.org/dwc/terms/measurementID"/>
    <field index="2" term="http://rs.tdwg.org/dwc/terms/occurrenceID"/>
    <field index="3" term="http://rs.tdwg.org/dwc/terms/measurementType"/>
    <field index="4" term="http://rs.tdwg.org/dwc/terms/measurementValue"/>
    <field index="5" term="http://rs.tdwg.org/dwc/terms/measurementAccuracy"/>
    <field index="6" term="http://rs.tdwg.org/dwc/terms/measurementUnit"/>
    <field index="7" term="http://rs.tdwg.org/dwc/terms/measurementDeterminedDate"/>
    <field index="8" term="http://rs.tdwg.org/dwc/terms/measurementDeterminedBy"/>
    <field index="9" term="http://rs.tdwg.org/dwc/terms/measurementMethod"/>
  </extension>
  <extension encoding="UTF-8" fieldsTerminatedBy="\t" linesTerminatedBy="\n" fieldsEnclosedBy="" ignoreHeaderLines="1" rowType="http://rs.tdwg.org/dwc/terms/ResourceRelationship">
    <files>
      <location>resourcerelationship.txt</location>
    </files>
    <coreid index="0" />
    <field index="1" term="http://rs.tdwg.org/dwc/terms/resourceRelationshipID"/>
    <field index="2" term="http://rs.tdwg.org/dwc/terms/resourceID"/>
    <field index="3" term="http://rs.tdwg.org/dwc/terms/relatedResourceID"/>
    <field index="4" term="http://rs.tdwg.org/dwc/terms/relationshipOfResource"/>
    <field index="5" term="http://rs.tdwg.org/dwc/terms/relationshipRemarks"/>
  </extension>
</archive>
